sequence_src,sequence_otb,frames,fps,txt_path,classic_mat_path,unified_mat_path
Basketball,Basketball,725,64.303092,E:\Programming\Python\Project\AI\CV\Tracking\TransTResearch\MyECOTracker\otb100result\otb_matlab_export\MyTracker_verified_otb936\txt_results\MyTracker\Basketball.txt,E:\Programming\Python\Project\AI\CV\Tracking\TransTResearch\MyECOTracker\otb100result\otb_matlab_export\MyTracker_verified_otb936\classic_otb\results\OPE\MyTracker\Basketball_01.mat,E:\Programming\Python\Project\AI\CV\Tracking\TransTResearch\MyECOTracker\otb100result\otb_matlab_export\MyTracker_verified_otb936\unified_otb\results\OPE_OTB\Basketball_MyTracker.mat
Biker,Biker,142,37.329549,E:\Programming\Python\Project\AI\CV\Tracking\TransTResearch\MyECOTracker\otb100result\otb_matlab_export\MyTracker_verified_otb936\txt_results\MyTracker\Biker.txt,E:\Programming\Python\Project\AI\CV\Tracking\TransTResearch\MyECOTracker\otb100result\otb_matlab_export\MyTracker_verified_otb936\classic_otb\results\OPE\MyTracker\Biker_01.mat,E:\Programming\Python\Project\AI\CV\Tracking\TransTResearch\MyECOTracker\otb100result\otb_matlab_export\MyTracker_verified_otb936\unified_otb\results\OPE_OTB\Biker_MyTracker.mat
Bird1,Bird1,408,38.709215,E:\Programming\Python\Project\AI\CV\Tracking\TransTResearch\MyECOTracker\otb100result\otb_matlab_export\MyTracker_verified_otb936\txt_results\MyTracker\Bird1.txt,E:\Programming\Python\Project\AI\CV\Tracking\TransTResearch\MyECOTracker\otb100result\otb_matlab_export\MyTracker_verified_otb936\classic_otb\results\OPE\MyTracker\Bird1_01.mat,E:\Programming\Python\Project\AI\CV\Tracking\TransTResearch\MyECOTracker\otb100result\otb_matlab_export\MyTracker_verified_otb936\unified_otb\results\OPE_OTB\Bird1_MyTracker.mat
Bird2,Bird2,99,18.860329,E:\Programming\Python\Project\AI\CV\Tracking\TransTResearch\MyECOTracker\otb100result\otb_matlab_export\MyTracker_verified_otb936\txt_results\MyTracker\Bird2.txt,E:\Programming\Python\Project\AI\CV\Tracking\TransTResearch\MyECOTracker\otb100result\otb_matlab_export\MyTracker_verified_otb936\classic_otb\results\OPE\MyTracker\Bird2_01.mat,E:\Programming\Python\Project\AI\CV\Tracking\TransTResearch\MyECOTracker\otb100result\otb_matlab_export\MyTracker_verified_otb936\unified_otb\results\OPE_OTB\Bird2_MyTracker.mat
BlurBody,BlurBody,334,44.059093,E:\Programming\Python\Project\AI\CV\Tracking\TransTResearch\MyECOTracker\otb100result\otb_matlab_export\MyTracker_verified_otb936\txt_results\MyTracker\BlurBody.txt,E:\Programming\Python\Project\AI\CV\Tracking\TransTResearch\MyECOTracker\otb100result\otb_matlab_export\MyTracker_verified_otb936\classic_otb\results\OPE\MyTracker\BlurBody_01.mat,E:\Programming\Python\Project\AI\CV\Tracking\TransTResearch\MyECOTracker\otb100result\otb_matlab_export\MyTracker_verified_otb936\unified_otb\results\OPE_OTB\BlurBody_MyTracker.mat
BlurCar1,BlurCar1,742,68.189517,E:\Programming\Python\Project\AI\CV\Tracking\TransTResearch\MyECOTracker\otb100result\otb_matlab_export\MyTracker_verified_otb936\txt_results\MyTracker\BlurCar1.txt,E:\Programming\Python\Project\AI\CV\Tracking\TransTResearch\MyECOTracker\otb100result\otb_matlab_export\MyTracker_verified_otb936\classic_otb\results\OPE\MyTracker\BlurCar1_01.mat,E:\Programming\Python\Project\AI\CV\Tracking\TransTResearch\MyECOTracker\otb100result\otb_matlab_export\MyTracker_verified_otb936\unified_otb\results\OPE_OTB\BlurCar1_MyTracker.mat
BlurCar2,BlurCar2,585,67.844320,E:\Programming\Python\Project\AI\CV\Tracking\TransTResearch\MyECOTracker\otb100result\otb_matlab_export\MyTracker_verified_otb936\txt_results\MyTracker\BlurCar2.txt,E:\Programming\Python\Project\AI\CV\Tracking\TransTResearch\MyECOTracker\otb100result\otb_matlab_export\MyTracker_verified_otb936\classic_otb\results\OPE\MyTracker\BlurCar2_01.mat,E:\Programming\Python\Project\AI\CV\Tracking\TransTResearch\MyECOTracker\otb100result\otb_matlab_export\MyTracker_verified_otb936\unified_otb\results\OPE_OTB\BlurCar2_MyTracker.mat
BlurCar3,BlurCar3,357,65.364324,E:\Programming\Python\Project\AI\CV\Tracking\TransTResearch\MyECOTracker\otb100result\otb_matlab_export\MyTracker_verified_otb936\txt_results\MyTracker\BlurCar3.txt,E:\Programming\Python\Project\AI\CV\Tracking\TransTResearch\MyECOTracker\otb100result\otb_matlab_export\MyTracker_verified_otb936\classic_otb\results\OPE\MyTracker\BlurCar3_01.mat,E:\Programming\Python\Project\AI\CV\Tracking\TransTResearch\MyECOTracker\otb100result\otb_matlab_export\MyTracker_verified_otb936\unified_otb\results\OPE_OTB\BlurCar3_MyTracker.mat
BlurCar4,BlurCar4,380,64.819272,E:\Programming\Python\Project\AI\CV\Tracking\TransTResearch\MyECOTracker\otb100result\otb_matlab_export\MyTracker_verified_otb936\txt_results\MyTracker\BlurCar4.txt,E:\Programming\Python\Project\AI\CV\Tracking\TransTResearch\MyECOTracker\otb100result\otb_matlab_export\MyTracker_verified_otb936\classic_otb\results\OPE\MyTracker\BlurCar4_01.mat,E:\Programming\Python\Project\AI\CV\Tracking\TransTResearch\MyECOTracker\otb100result\otb_matlab_export\MyTracker_verified_otb936\unified_otb\results\OPE_OTB\BlurCar4_MyTracker.mat
BlurFace,BlurFace,493,67.581044,E:\Programming\Python\Project\AI\CV\Tracking\TransTResearch\MyECOTracker\otb100result\otb_matlab_export\MyTracker_verified_otb936\txt_results\MyTracker\BlurFace.txt,E:\Programming\Python\Project\AI\CV\Tracking\TransTResearch\MyECOTracker\otb100result\otb_matlab_export\MyTracker_verified_otb936\classic_otb\results\OPE\MyTracker\BlurFace_01.mat,E:\Programming\Python\Project\AI\CV\Tracking\TransTResearch\MyECOTracker\otb100result\otb_matlab_export\MyTracker_verified_otb936\unified_otb\results\OPE_OTB\BlurFace_MyTracker.mat
BlurOwl,BlurOwl,631,68.677536,E:\Programming\Python\Project\AI\CV\Tracking\TransTResearch\MyECOTracker\otb100result\otb_matlab_export\MyTracker_verified_otb936\txt_results\MyTracker\BlurOwl.txt,E:\Programming\Python\Project\AI\CV\Tracking\TransTResearch\MyECOTracker\otb100result\otb_matlab_export\MyTracker_verified_otb936\classic_otb\results\OPE\MyTracker\BlurOwl_01.mat,E:\Programming\Python\Project\AI\CV\Tracking\TransTResearch\MyECOTracker\otb100result\otb_matlab_export\MyTracker_verified_otb936\unified_otb\results\OPE_OTB\BlurOwl_MyTracker.mat
Board,Board,698,68.967112,E:\Programming\Python\Project\AI\CV\Tracking\TransTResearch\MyECOTracker\otb100result\otb_matlab_export\MyTracker_verified_otb936\txt_results\MyTracker\Board.txt,E:\Programming\Python\Project\AI\CV\Tracking\TransTResearch\MyECOTracker\otb100result\otb_matlab_export\MyTracker_verified_otb936\classic_otb\results\OPE\MyTracker\Board_01.mat,E:\Programming\Python\Project\AI\CV\Tracking\TransTResearch\MyECOTracker\otb100result\otb_matlab_export\MyTracker_verified_otb936\unified_otb\results\OPE_OTB\Board_MyTracker.mat
Bolt,Bolt,350,63.240935,E:\Programming\Python\Project\AI\CV\Tracking\TransTResearch\MyECOTracker\otb100result\otb_matlab_export\MyTracker_verified_otb936\txt_results\MyTracker\Bolt.txt,E:\Programming\Python\Project\AI\CV\Tracking\TransTResearch\MyECOTracker\otb100result\otb_matlab_export\MyTracker_verified_otb936\classic_otb\results\OPE\MyTracker\Bolt_01.mat,E:\Programming\Python\Project\AI\CV\Tracking\TransTResearch\MyECOTracker\otb100result\otb_matlab_export\MyTracker_verified_otb936\unified_otb\results\OPE_OTB\Bolt_MyTracker.mat
Bolt2,Bolt2,293,62.742310,E:\Programming\Python\Project\AI\CV\Tracking\TransTResearch\MyECOTracker\otb100result\otb_matlab_export\MyTracker_verified_otb936\txt_results\MyTracker\Bolt2.txt,E:\Programming\Python\Project\AI\CV\Tracking\TransTResearch\MyECOTracker\otb100result\otb_matlab_export\MyTracker_verified_otb936\classic_otb\results\OPE\MyTracker\Bolt2_01.mat,E:\Programming\Python\Project\AI\CV\Tracking\TransTResearch\MyECOTracker\otb100result\otb_matlab_export\MyTracker_verified_otb936\unified_otb\results\OPE_OTB\Bolt2_MyTracker.mat
Box,Box,1161,73.590583,E:\Programming\Python\Project\AI\CV\Tracking\TransTResearch\MyECOTracker\otb100result\otb_matlab_export\MyTracker_verified_otb936\txt_results\MyTracker\Box.txt,E:\Programming\Python\Project\AI\CV\Tracking\TransTResearch\MyECOTracker\otb100result\otb_matlab_export\MyTracker_verified_otb936\classic_otb\results\OPE\MyTracker\Box_01.mat,E:\Programming\Python\Project\AI\CV\Tracking\TransTResearch\MyECOTracker\otb100result\otb_matlab_export\MyTracker_verified_otb936\unified_otb\results\OPE_OTB\Box_MyTracker.mat
Boy,Boy,602,63.242562,E:\Programming\Python\Project\AI\CV\Tracking\TransTResearch\MyECOTracker\otb100result\otb_matlab_export\MyTracker_verified_otb936\txt_results\MyTracker\Boy.txt,E:\Programming\Python\Project\AI\CV\Tracking\TransTResearch\MyECOTracker\otb100result\otb_matlab_export\MyTracker_verified_otb936\classic_otb\results\OPE\MyTracker\Boy_01.mat,E:\Programming\Python\Project\AI\CV\Tracking\TransTResearch\MyECOTracker\otb100result\otb_matlab_export\MyTracker_verified_otb936\unified_otb\results\OPE_OTB\Boy_MyTracker.mat
Car1,Car1,1020,73.740240,E:\Programming\Python\Project\AI\CV\Tracking\TransTResearch\MyECOTracker\otb100result\otb_matlab_export\MyTracker_verified_otb936\txt_results\MyTracker\Car1.txt,E:\Programming\Python\Project\AI\CV\Tracking\TransTResearch\MyECOTracker\otb100result\otb_matlab_export\MyTracker_verified_otb936\classic_otb\results\OPE\MyTracker\Car1_01.mat,E:\Programming\Python\Project\AI\CV\Tracking\TransTResearch\MyECOTracker\otb100result\otb_matlab_export\MyTracker_verified_otb936\unified_otb\results\OPE_OTB\Car1_MyTracker.mat
Car2,Car2,913,73.785768,E:\Programming\Python\Project\AI\CV\Tracking\TransTResearch\MyECOTracker\otb100result\otb_matlab_export\MyTracker_verified_otb936\txt_results\MyTracker\Car2.txt,E:\Programming\Python\Project\AI\CV\Tracking\TransTResearch\MyECOTracker\otb100result\otb_matlab_export\MyTracker_verified_otb936\classic_otb\results\OPE\MyTracker\Car2_01.mat,E:\Programming\Python\Project\AI\CV\Tracking\TransTResearch\MyECOTracker\otb100result\otb_matlab_export\MyTracker_verified_otb936\unified_otb\results\OPE_OTB\Car2_MyTracker.mat
Car24,Car24,3059,78.876650,E:\Programming\Python\Project\AI\CV\Tracking\TransTResearch\MyECOTracker\otb100result\otb_matlab_export\MyTracker_verified_otb936\txt_results\MyTracker\Car24.txt,E:\Programming\Python\Project\AI\CV\Tracking\TransTResearch\MyECOTracker\otb100result\otb_matlab_export\MyTracker_verified_otb936\classic_otb\results\OPE\MyTracker\Car24_01.mat,E:\Programming\Python\Project\AI\CV\Tracking\TransTResearch\MyECOTracker\otb100result\otb_matlab_export\MyTracker_verified_otb936\unified_otb\results\OPE_OTB\Car24_MyTracker.mat
Car4,Car4,659,72.618152,E:\Programming\Python\Project\AI\CV\Tracking\TransTResearch\MyECOTracker\otb100result\otb_matlab_export\MyTracker_verified_otb936\txt_results\MyTracker\Car4.txt,E:\Programming\Python\Project\AI\CV\Tracking\TransTResearch\MyECOTracker\otb100result\otb_matlab_export\MyTracker_verified_otb936\classic_otb\results\OPE\MyTracker\Car4_01.mat,E:\Programming\Python\Project\AI\CV\Tracking\TransTResearch\MyECOTracker\otb100result\otb_matlab_export\MyTracker_verified_otb936\unified_otb\results\OPE_OTB\Car4_MyTracker.mat
CarDark,CarDark,393,67.366270,E:\Programming\Python\Project\AI\CV\Tracking\TransTResearch\MyECOTracker\otb100result\otb_matlab_export\MyTracker_verified_otb936\txt_results\MyTracker\CarDark.txt,E:\Programming\Python\Project\AI\CV\Tracking\TransTResearch\MyECOTracker\otb100result\otb_matlab_export\MyTracker_verified_otb936\classic_otb\results\OPE\MyTracker\CarDark_01.mat,E:\Programming\Python\Project\AI\CV\Tracking\TransTResearch\MyECOTracker\otb100result\otb_matlab_export\MyTracker_verified_otb936\unified_otb\results\OPE_OTB\CarDark_MyTracker.mat
CarScale,CarScale,252,60.099522,E:\Programming\Python\Project\AI\CV\Tracking\TransTResearch\MyECOTracker\otb100result\otb_matlab_export\MyTracker_verified_otb936\txt_results\MyTracker\CarScale.txt,E:\Programming\Python\Project\AI\CV\Tracking\TransTResearch\MyECOTracker\otb100result\otb_matlab_export\MyTracker_verified_otb936\classic_otb\results\OPE\MyTracker\CarScale_01.mat,E:\Programming\Python\Project\AI\CV\Tracking\TransTResearch\MyECOTracker\otb100result\otb_matlab_export\MyTracker_verified_otb936\unified_otb\results\OPE_OTB\CarScale_MyTracker.mat
ClifBar,ClifBar,472,68.576722,E:\Programming\Python\Project\AI\CV\Tracking\TransTResearch\MyECOTracker\otb100result\otb_matlab_export\MyTracker_verified_otb936\txt_results\MyTracker\ClifBar.txt,E:\Programming\Python\Project\AI\CV\Tracking\TransTResearch\MyECOTracker\otb100result\otb_matlab_export\MyTracker_verified_otb936\classic_otb\results\OPE\MyTracker\ClifBar_01.mat,E:\Programming\Python\Project\AI\CV\Tracking\TransTResearch\MyECOTracker\otb100result\otb_matlab_export\MyTracker_verified_otb936\unified_otb\results\OPE_OTB\ClifBar_MyTracker.mat
Coke,Coke,291,61.338456,E:\Programming\Python\Project\AI\CV\Tracking\TransTResearch\MyECOTracker\otb100result\otb_matlab_export\MyTracker_verified_otb936\txt_results\MyTracker\Coke.txt,E:\Programming\Python\Project\AI\CV\Tracking\TransTResearch\MyECOTracker\otb100result\otb_matlab_export\MyTracker_verified_otb936\classic_otb\results\OPE\MyTracker\Coke_01.mat,E:\Programming\Python\Project\AI\CV\Tracking\TransTResearch\MyECOTracker\otb100result\otb_matlab_export\MyTracker_verified_otb936\unified_otb\results\OPE_OTB\Coke_MyTracker.mat
Couple,Couple,140,52.280045,E:\Programming\Python\Project\AI\CV\Tracking\TransTResearch\MyECOTracker\otb100result\otb_matlab_export\MyTracker_verified_otb936\txt_results\MyTracker\Couple.txt,E:\Programming\Python\Project\AI\CV\Tracking\TransTResearch\MyECOTracker\otb100result\otb_matlab_export\MyTracker_verified_otb936\classic_otb\results\OPE\MyTracker\Couple_01.mat,E:\Programming\Python\Project\AI\CV\Tracking\TransTResearch\MyECOTracker\otb100result\otb_matlab_export\MyTracker_verified_otb936\unified_otb\results\OPE_OTB\Couple_MyTracker.mat
Coupon,Coupon,327,67.434930,E:\Programming\Python\Project\AI\CV\Tracking\TransTResearch\MyECOTracker\otb100result\otb_matlab_export\MyTracker_verified_otb936\txt_results\MyTracker\Coupon.txt,E:\Programming\Python\Project\AI\CV\Tracking\TransTResearch\MyECOTracker\otb100result\otb_matlab_export\MyTracker_verified_otb936\classic_otb\results\OPE\MyTracker\Coupon_01.mat,E:\Programming\Python\Project\AI\CV\Tracking\TransTResearch\MyECOTracker\otb100result\otb_matlab_export\MyTracker_verified_otb936\unified_otb\results\OPE_OTB\Coupon_MyTracker.mat
Crossing,Crossing,120,49.895510,E:\Programming\Python\Project\AI\CV\Tracking\TransTResearch\MyECOTracker\otb100result\otb_matlab_export\MyTracker_verified_otb936\txt_results\MyTracker\Crossing.txt,E:\Programming\Python\Project\AI\CV\Tracking\TransTResearch\MyECOTracker\otb100result\otb_matlab_export\MyTracker_verified_otb936\classic_otb\results\OPE\MyTracker\Crossing_01.mat,E:\Programming\Python\Project\AI\CV\Tracking\TransTResearch\MyECOTracker\otb100result\otb_matlab_export\MyTracker_verified_otb936\unified_otb\results\OPE_OTB\Crossing_MyTracker.mat
Crowds,Crowds,347,66.271090,E:\Programming\Python\Project\AI\CV\Tracking\TransTResearch\MyECOTracker\otb100result\otb_matlab_export\MyTracker_verified_otb936\txt_results\MyTracker\Crowds.txt,E:\Programming\Python\Project\AI\CV\Tracking\TransTResearch\MyECOTracker\otb100result\otb_matlab_export\MyTracker_verified_otb936\classic_otb\results\OPE\MyTracker\Crowds_01.mat,E:\Programming\Python\Project\AI\CV\Tracking\TransTResearch\MyECOTracker\otb100result\otb_matlab_export\MyTracker_verified_otb936\unified_otb\results\OPE_OTB\Crowds_MyTracker.mat
Dancer,Dancer,225,57.254764,E:\Programming\Python\Project\AI\CV\Tracking\TransTResearch\MyECOTracker\otb100result\otb_matlab_export\MyTracker_verified_otb936\txt_results\MyTracker\Dancer.txt,E:\Programming\Python\Project\AI\CV\Tracking\TransTResearch\MyECOTracker\otb100result\otb_matlab_export\MyTracker_verified_otb936\classic_otb\results\OPE\MyTracker\Dancer_01.mat,E:\Programming\Python\Project\AI\CV\Tracking\TransTResearch\MyECOTracker\otb100result\otb_matlab_export\MyTracker_verified_otb936\unified_otb\results\OPE_OTB\Dancer_MyTracker.mat
Dancer2,Dancer2,150,52.845464,E:\Programming\Python\Project\AI\CV\Tracking\TransTResearch\MyECOTracker\otb100result\otb_matlab_export\MyTracker_verified_otb936\txt_results\MyTracker\Dancer2.txt,E:\Programming\Python\Project\AI\CV\Tracking\TransTResearch\MyECOTracker\otb100result\otb_matlab_export\MyTracker_verified_otb936\classic_otb\results\OPE\MyTracker\Dancer2_01.mat,E:\Programming\Python\Project\AI\CV\Tracking\TransTResearch\MyECOTracker\otb100result\otb_matlab_export\MyTracker_verified_otb936\unified_otb\results\OPE_OTB\Dancer2_MyTracker.mat
David,David,471,66.728616,E:\Programming\Python\Project\AI\CV\Tracking\TransTResearch\MyECOTracker\otb100result\otb_matlab_export\MyTracker_verified_otb936\txt_results\MyTracker\David.txt,E:\Programming\Python\Project\AI\CV\Tracking\TransTResearch\MyECOTracker\otb100result\otb_matlab_export\MyTracker_verified_otb936\classic_otb\results\OPE\MyTracker\David_01.mat,E:\Programming\Python\Project\AI\CV\Tracking\TransTResearch\MyECOTracker\otb100result\otb_matlab_export\MyTracker_verified_otb936\unified_otb\results\OPE_OTB\David_MyTracker.mat
David2,David2,537,69.767859,E:\Programming\Python\Project\AI\CV\Tracking\TransTResearch\MyECOTracker\otb100result\otb_matlab_export\MyTracker_verified_otb936\txt_results\MyTracker\David2.txt,E:\Programming\Python\Project\AI\CV\Tracking\TransTResearch\MyECOTracker\otb100result\otb_matlab_export\MyTracker_verified_otb936\classic_otb\results\OPE\MyTracker\David2_01.mat,E:\Programming\Python\Project\AI\CV\Tracking\TransTResearch\MyECOTracker\otb100result\otb_matlab_export\MyTracker_verified_otb936\unified_otb\results\OPE_OTB\David2_MyTracker.mat
David3,David3,252,58.579857,E:\Programming\Python\Project\AI\CV\Tracking\TransTResearch\MyECOTracker\otb100result\otb_matlab_export\MyTracker_verified_otb936\txt_results\MyTracker\David3.txt,E:\Programming\Python\Project\AI\CV\Tracking\TransTResearch\MyECOTracker\otb100result\otb_matlab_export\MyTracker_verified_otb936\classic_otb\results\OPE\MyTracker\David3_01.mat,E:\Programming\Python\Project\AI\CV\Tracking\TransTResearch\MyECOTracker\otb100result\otb_matlab_export\MyTracker_verified_otb936\unified_otb\results\OPE_OTB\David3_MyTracker.mat
Deer,Deer,71,37.034931,E:\Programming\Python\Project\AI\CV\Tracking\TransTResearch\MyECOTracker\otb100result\otb_matlab_export\MyTracker_verified_otb936\txt_results\MyTracker\Deer.txt,E:\Programming\Python\Project\AI\CV\Tracking\TransTResearch\MyECOTracker\otb100result\otb_matlab_export\MyTracker_verified_otb936\classic_otb\results\OPE\MyTracker\Deer_01.mat,E:\Programming\Python\Project\AI\CV\Tracking\TransTResearch\MyECOTracker\otb100result\otb_matlab_export\MyTracker_verified_otb936\unified_otb\results\OPE_OTB\Deer_MyTracker.mat
Diving,Diving,215,57.168885,E:\Programming\Python\Project\AI\CV\Tracking\TransTResearch\MyECOTracker\otb100result\otb_matlab_export\MyTracker_verified_otb936\txt_results\MyTracker\Diving.txt,E:\Programming\Python\Project\AI\CV\Tracking\TransTResearch\MyECOTracker\otb100result\otb_matlab_export\MyTracker_verified_otb936\classic_otb\results\OPE\MyTracker\Diving_01.mat,E:\Programming\Python\Project\AI\CV\Tracking\TransTResearch\MyECOTracker\otb100result\otb_matlab_export\MyTracker_verified_otb936\unified_otb\results\OPE_OTB\Diving_MyTracker.mat
Dog,Dog,127,48.578022,E:\Programming\Python\Project\AI\CV\Tracking\TransTResearch\MyECOTracker\otb100result\otb_matlab_export\MyTracker_verified_otb936\txt_results\MyTracker\Dog.txt,E:\Programming\Python\Project\AI\CV\Tracking\TransTResearch\MyECOTracker\otb100result\otb_matlab_export\MyTracker_verified_otb936\classic_otb\results\OPE\MyTracker\Dog_01.mat,E:\Programming\Python\Project\AI\CV\Tracking\TransTResearch\MyECOTracker\otb100result\otb_matlab_export\MyTracker_verified_otb936\unified_otb\results\OPE_OTB\Dog_MyTracker.mat
Dog1,Dog1,1350,75.012202,E:\Programming\Python\Project\AI\CV\Tracking\TransTResearch\MyECOTracker\otb100result\otb_matlab_export\MyTracker_verified_otb936\txt_results\MyTracker\Dog1.txt,E:\Programming\Python\Project\AI\CV\Tracking\TransTResearch\MyECOTracker\otb100result\otb_matlab_export\MyTracker_verified_otb936\classic_otb\results\OPE\MyTracker\Dog1_01.mat,E:\Programming\Python\Project\AI\CV\Tracking\TransTResearch\MyECOTracker\otb100result\otb_matlab_export\MyTracker_verified_otb936\unified_otb\results\OPE_OTB\Dog1_MyTracker.mat
Doll,Doll,3872,75.914808,E:\Programming\Python\Project\AI\CV\Tracking\TransTResearch\MyECOTracker\otb100result\otb_matlab_export\MyTracker_verified_otb936\txt_results\MyTracker\Doll.txt,E:\Programming\Python\Project\AI\CV\Tracking\TransTResearch\MyECOTracker\otb100result\otb_matlab_export\MyTracker_verified_otb936\classic_otb\results\OPE\MyTracker\Doll_01.mat,E:\Programming\Python\Project\AI\CV\Tracking\TransTResearch\MyECOTracker\otb100result\otb_matlab_export\MyTracker_verified_otb936\unified_otb\results\OPE_OTB\Doll_MyTracker.mat
DragonBaby,DragonBaby,113,49.675723,E:\Programming\Python\Project\AI\CV\Tracking\TransTResearch\MyECOTracker\otb100result\otb_matlab_export\MyTracker_verified_otb936\txt_results\MyTracker\DragonBaby.txt,E:\Programming\Python\Project\AI\CV\Tracking\TransTResearch\MyECOTracker\otb100result\otb_matlab_export\MyTracker_verified_otb936\classic_otb\results\OPE\MyTracker\DragonBaby_01.mat,E:\Programming\Python\Project\AI\CV\Tracking\TransTResearch\MyECOTracker\otb100result\otb_matlab_export\MyTracker_verified_otb936\unified_otb\results\OPE_OTB\DragonBaby_MyTracker.mat
Dudek,Dudek,1145,75.293109,E:\Programming\Python\Project\AI\CV\Tracking\TransTResearch\MyECOTracker\otb100result\otb_matlab_export\MyTracker_verified_otb936\txt_results\MyTracker\Dudek.txt,E:\Programming\Python\Project\AI\CV\Tracking\TransTResearch\MyECOTracker\otb100result\otb_matlab_export\MyTracker_verified_otb936\classic_otb\results\OPE\MyTracker\Dudek_01.mat,E:\Programming\Python\Project\AI\CV\Tracking\TransTResearch\MyECOTracker\otb100result\otb_matlab_export\MyTracker_verified_otb936\unified_otb\results\OPE_OTB\Dudek_MyTracker.mat
FaceOcc1,FaceOcc1,892,78.537588,E:\Programming\Python\Project\AI\CV\Tracking\TransTResearch\MyECOTracker\otb100result\otb_matlab_export\MyTracker_verified_otb936\txt_results\MyTracker\FaceOcc1.txt,E:\Programming\Python\Project\AI\CV\Tracking\TransTResearch\MyECOTracker\otb100result\otb_matlab_export\MyTracker_verified_otb936\classic_otb\results\OPE\MyTracker\FaceOcc1_01.mat,E:\Programming\Python\Project\AI\CV\Tracking\TransTResearch\MyECOTracker\otb100result\otb_matlab_export\MyTracker_verified_otb936\unified_otb\results\OPE_OTB\FaceOcc1_MyTracker.mat
FaceOcc2,FaceOcc2,812,75.433242,E:\Programming\Python\Project\AI\CV\Tracking\TransTResearch\MyECOTracker\otb100result\otb_matlab_export\MyTracker_verified_otb936\txt_results\MyTracker\FaceOcc2.txt,E:\Programming\Python\Project\AI\CV\Tracking\TransTResearch\MyECOTracker\otb100result\otb_matlab_export\MyTracker_verified_otb936\classic_otb\results\OPE\MyTracker\FaceOcc2_01.mat,E:\Programming\Python\Project\AI\CV\Tracking\TransTResearch\MyECOTracker\otb100result\otb_matlab_export\MyTracker_verified_otb936\unified_otb\results\OPE_OTB\FaceOcc2_MyTracker.mat
Fish,Fish,476,68.593214,E:\Programming\Python\Project\AI\CV\Tracking\TransTResearch\MyECOTracker\otb100result\otb_matlab_export\MyTracker_verified_otb936\txt_results\MyTracker\Fish.txt,E:\Programming\Python\Project\AI\CV\Tracking\TransTResearch\MyECOTracker\otb100result\otb_matlab_export\MyTracker_verified_otb936\classic_otb\results\OPE\MyTracker\Fish_01.mat,E:\Programming\Python\Project\AI\CV\Tracking\TransTResearch\MyECOTracker\otb100result\otb_matlab_export\MyTracker_verified_otb936\unified_otb\results\OPE_OTB\Fish_MyTracker.mat
FleetFace,FleetFace,707,71.940177,E:\Programming\Python\Project\AI\CV\Tracking\TransTResearch\MyECOTracker\otb100result\otb_matlab_export\MyTracker_verified_otb936\txt_results\MyTracker\FleetFace.txt,E:\Programming\Python\Project\AI\CV\Tracking\TransTResearch\MyECOTracker\otb100result\otb_matlab_export\MyTracker_verified_otb936\classic_otb\results\OPE\MyTracker\FleetFace_01.mat,E:\Programming\Python\Project\AI\CV\Tracking\TransTResearch\MyECOTracker\otb100result\otb_matlab_export\MyTracker_verified_otb936\unified_otb\results\OPE_OTB\FleetFace_MyTracker.mat
Football,Football,362,67.012813,E:\Programming\Python\Project\AI\CV\Tracking\TransTResearch\MyECOTracker\otb100result\otb_matlab_export\MyTracker_verified_otb936\txt_results\MyTracker\Football.txt,E:\Programming\Python\Project\AI\CV\Tracking\TransTResearch\MyECOTracker\otb100result\otb_matlab_export\MyTracker_verified_otb936\classic_otb\results\OPE\MyTracker\Football_01.mat,E:\Programming\Python\Project\AI\CV\Tracking\TransTResearch\MyECOTracker\otb100result\otb_matlab_export\MyTracker_verified_otb936\unified_otb\results\OPE_OTB\Football_MyTracker.mat
Football1,Football1,74,39.396698,E:\Programming\Python\Project\AI\CV\Tracking\TransTResearch\MyECOTracker\otb100result\otb_matlab_export\MyTracker_verified_otb936\txt_results\MyTracker\Football1.txt,E:\Programming\Python\Project\AI\CV\Tracking\TransTResearch\MyECOTracker\otb100result\otb_matlab_export\MyTracker_verified_otb936\classic_otb\results\OPE\MyTracker\Football1_01.mat,E:\Programming\Python\Project\AI\CV\Tracking\TransTResearch\MyECOTracker\otb100result\otb_matlab_export\MyTracker_verified_otb936\unified_otb\results\OPE_OTB\Football1_MyTracker.mat
Freeman1,Freeman1,326,61.588034,E:\Programming\Python\Project\AI\CV\Tracking\TransTResearch\MyECOTracker\otb100result\otb_matlab_export\MyTracker_verified_otb936\txt_results\MyTracker\Freeman1.txt,E:\Programming\Python\Project\AI\CV\Tracking\TransTResearch\MyECOTracker\otb100result\otb_matlab_export\MyTracker_verified_otb936\classic_otb\results\OPE\MyTracker\Freeman1_01.mat,E:\Programming\Python\Project\AI\CV\Tracking\TransTResearch\MyECOTracker\otb100result\otb_matlab_export\MyTracker_verified_otb936\unified_otb\results\OPE_OTB\Freeman1_MyTracker.mat
Freeman3,Freeman3,460,66.594821,E:\Programming\Python\Project\AI\CV\Tracking\TransTResearch\MyECOTracker\otb100result\otb_matlab_export\MyTracker_verified_otb936\txt_results\MyTracker\Freeman3.txt,E:\Programming\Python\Project\AI\CV\Tracking\TransTResearch\MyECOTracker\otb100result\otb_matlab_export\MyTracker_verified_otb936\classic_otb\results\OPE\MyTracker\Freeman3_01.mat,E:\Programming\Python\Project\AI\CV\Tracking\TransTResearch\MyECOTracker\otb100result\otb_matlab_export\MyTracker_verified_otb936\unified_otb\results\OPE_OTB\Freeman3_MyTracker.mat
Freeman4,Freeman4,283,60.684166,E:\Programming\Python\Project\AI\CV\Tracking\TransTResearch\MyECOTracker\otb100result\otb_matlab_export\MyTracker_verified_otb936\txt_results\MyTracker\Freeman4.txt,E:\Programming\Python\Project\AI\CV\Tracking\TransTResearch\MyECOTracker\otb100result\otb_matlab_export\MyTracker_verified_otb936\classic_otb\results\OPE\MyTracker\Freeman4_01.mat,E:\Programming\Python\Project\AI\CV\Tracking\TransTResearch\MyECOTracker\otb100result\otb_matlab_export\MyTracker_verified_otb936\unified_otb\results\OPE_OTB\Freeman4_MyTracker.mat
Girl,Girl,500,69.439526,E:\Programming\Python\Project\AI\CV\Tracking\TransTResearch\MyECOTracker\otb100result\otb_matlab_export\MyTracker_verified_otb936\txt_results\MyTracker\Girl.txt,E:\Programming\Python\Project\AI\CV\Tracking\TransTResearch\MyECOTracker\otb100result\otb_matlab_export\MyTracker_verified_otb936\classic_otb\results\OPE\MyTracker\Girl_01.mat,E:\Programming\Python\Project\AI\CV\Tracking\TransTResearch\MyECOTracker\otb100result\otb_matlab_export\MyTracker_verified_otb936\unified_otb\results\OPE_OTB\Girl_MyTracker.mat
Girl2,Girl2,1500,73.043035,E:\Programming\Python\Project\AI\CV\Tracking\TransTResearch\MyECOTracker\otb100result\otb_matlab_export\MyTracker_verified_otb936\txt_results\MyTracker\Girl2.txt,E:\Programming\Python\Project\AI\CV\Tracking\TransTResearch\MyECOTracker\otb100result\otb_matlab_export\MyTracker_verified_otb936\classic_otb\results\OPE\MyTracker\Girl2_01.mat,E:\Programming\Python\Project\AI\CV\Tracking\TransTResearch\MyECOTracker\otb100result\otb_matlab_export\MyTracker_verified_otb936\unified_otb\results\OPE_OTB\Girl2_MyTracker.mat
Gym,Gym,767,75.390779,E:\Programming\Python\Project\AI\CV\Tracking\TransTResearch\MyECOTracker\otb100result\otb_matlab_export\MyTracker_verified_otb936\txt_results\MyTracker\Gym.txt,E:\Programming\Python\Project\AI\CV\Tracking\TransTResearch\MyECOTracker\otb100result\otb_matlab_export\MyTracker_verified_otb936\classic_otb\results\OPE\MyTracker\Gym_01.mat,E:\Programming\Python\Project\AI\CV\Tracking\TransTResearch\MyECOTracker\otb100result\otb_matlab_export\MyTracker_verified_otb936\unified_otb\results\OPE_OTB\Gym_MyTracker.mat
Human2,Human2,1128,72.455218,E:\Programming\Python\Project\AI\CV\Tracking\TransTResearch\MyECOTracker\otb100result\otb_matlab_export\MyTracker_verified_otb936\txt_results\MyTracker\Human2.txt,E:\Programming\Python\Project\AI\CV\Tracking\TransTResearch\MyECOTracker\otb100result\otb_matlab_export\MyTracker_verified_otb936\classic_otb\results\OPE\MyTracker\Human2_01.mat,E:\Programming\Python\Project\AI\CV\Tracking\TransTResearch\MyECOTracker\otb100result\otb_matlab_export\MyTracker_verified_otb936\unified_otb\results\OPE_OTB\Human2_MyTracker.mat
Human3,Human3,1698,74.019761,E:\Programming\Python\Project\AI\CV\Tracking\TransTResearch\MyECOTracker\otb100result\otb_matlab_export\MyTracker_verified_otb936\txt_results\MyTracker\Human3.txt,E:\Programming\Python\Project\AI\CV\Tracking\TransTResearch\MyECOTracker\otb100result\otb_matlab_export\MyTracker_verified_otb936\classic_otb\results\OPE\MyTracker\Human3_01.mat,E:\Programming\Python\Project\AI\CV\Tracking\TransTResearch\MyECOTracker\otb100result\otb_matlab_export\MyTracker_verified_otb936\unified_otb\results\OPE_OTB\Human3_MyTracker.mat
Human4-2,Human4-2,667,70.965328,E:\Programming\Python\Project\AI\CV\Tracking\TransTResearch\MyECOTracker\otb100result\otb_matlab_export\MyTracker_verified_otb936\txt_results\MyTracker\Human4-2.txt,E:\Programming\Python\Project\AI\CV\Tracking\TransTResearch\MyECOTracker\otb100result\otb_matlab_export\MyTracker_verified_otb936\classic_otb\results\OPE\MyTracker\Human4-2_01.mat,E:\Programming\Python\Project\AI\CV\Tracking\TransTResearch\MyECOTracker\otb100result\otb_matlab_export\MyTracker_verified_otb936\unified_otb\results\OPE_OTB\Human4-2_MyTracker.mat
Human5,Human5,713,69.275103,E:\Programming\Python\Project\AI\CV\Tracking\TransTResearch\MyECOTracker\otb100result\otb_matlab_export\MyTracker_verified_otb936\txt_results\MyTracker\Human5.txt,E:\Programming\Python\Project\AI\CV\Tracking\TransTResearch\MyECOTracker\otb100result\otb_matlab_export\MyTracker_verified_otb936\classic_otb\results\OPE\MyTracker\Human5_01.mat,E:\Programming\Python\Project\AI\CV\Tracking\TransTResearch\MyECOTracker\otb100result\otb_matlab_export\MyTracker_verified_otb936\unified_otb\results\OPE_OTB\Human5_MyTracker.mat
Human6,Human6,792,70.875781,E:\Programming\Python\Project\AI\CV\Tracking\TransTResearch\MyECOTracker\otb100result\otb_matlab_export\MyTracker_verified_otb936\txt_results\MyTracker\Human6.txt,E:\Programming\Python\Project\AI\CV\Tracking\TransTResearch\MyECOTracker\otb100result\otb_matlab_export\MyTracker_verified_otb936\classic_otb\results\OPE\MyTracker\Human6_01.mat,E:\Programming\Python\Project\AI\CV\Tracking\TransTResearch\MyECOTracker\otb100result\otb_matlab_export\MyTracker_verified_otb936\unified_otb\results\OPE_OTB\Human6_MyTracker.mat
Human7,Human7,250,59.803276,E:\Programming\Python\Project\AI\CV\Tracking\TransTResearch\MyECOTracker\otb100result\otb_matlab_export\MyTracker_verified_otb936\txt_results\MyTracker\Human7.txt,E:\Programming\Python\Project\AI\CV\Tracking\TransTResearch\MyECOTracker\otb100result\otb_matlab_export\MyTracker_verified_otb936\classic_otb\results\OPE\MyTracker\Human7_01.mat,E:\Programming\Python\Project\AI\CV\Tracking\TransTResearch\MyECOTracker\otb100result\otb_matlab_export\MyTracker_verified_otb936\unified_otb\results\OPE_OTB\Human7_MyTracker.mat
Human8,Human8,128,49.431156,E:\Programming\Python\Project\AI\CV\Tracking\TransTResearch\MyECOTracker\otb100result\otb_matlab_export\MyTracker_verified_otb936\txt_results\MyTracker\Human8.txt,E:\Programming\Python\Project\AI\CV\Tracking\TransTResearch\MyECOTracker\otb100result\otb_matlab_export\MyTracker_verified_otb936\classic_otb\results\OPE\MyTracker\Human8_01.mat,E:\Programming\Python\Project\AI\CV\Tracking\TransTResearch\MyECOTracker\otb100result\otb_matlab_export\MyTracker_verified_otb936\unified_otb\results\OPE_OTB\Human8_MyTracker.mat
Human9,Human9,305,62.581330,E:\Programming\Python\Project\AI\CV\Tracking\TransTResearch\MyECOTracker\otb100result\otb_matlab_export\MyTracker_verified_otb936\txt_results\MyTracker\Human9.txt,E:\Programming\Python\Project\AI\CV\Tracking\TransTResearch\MyECOTracker\otb100result\otb_matlab_export\MyTracker_verified_otb936\classic_otb\results\OPE\MyTracker\Human9_01.mat,E:\Programming\Python\Project\AI\CV\Tracking\TransTResearch\MyECOTracker\otb100result\otb_matlab_export\MyTracker_verified_otb936\unified_otb\results\OPE_OTB\Human9_MyTracker.mat
Ironman,Ironman,166,53.093445,E:\Programming\Python\Project\AI\CV\Tracking\TransTResearch\MyECOTracker\otb100result\otb_matlab_export\MyTracker_verified_otb936\txt_results\MyTracker\Ironman.txt,E:\Programming\Python\Project\AI\CV\Tracking\TransTResearch\MyECOTracker\otb100result\otb_matlab_export\MyTracker_verified_otb936\classic_otb\results\OPE\MyTracker\Ironman_01.mat,E:\Programming\Python\Project\AI\CV\Tracking\TransTResearch\MyECOTracker\otb100result\otb_matlab_export\MyTracker_verified_otb936\unified_otb\results\OPE_OTB\Ironman_MyTracker.mat
Jogging-1,Jogging-1,307,64.209701,E:\Programming\Python\Project\AI\CV\Tracking\TransTResearch\MyECOTracker\otb100result\otb_matlab_export\MyTracker_verified_otb936\txt_results\MyTracker\Jogging-1.txt,E:\Programming\Python\Project\AI\CV\Tracking\TransTResearch\MyECOTracker\otb100result\otb_matlab_export\MyTracker_verified_otb936\classic_otb\results\OPE\MyTracker\Jogging-1_01.mat,E:\Programming\Python\Project\AI\CV\Tracking\TransTResearch\MyECOTracker\otb100result\otb_matlab_export\MyTracker_verified_otb936\unified_otb\results\OPE_OTB\Jogging-1_MyTracker.mat
Jogging-2,Jogging-2,307,73.401673,E:\Programming\Python\Project\AI\CV\Tracking\TransTResearch\MyECOTracker\otb100result\otb_matlab_export\MyTracker_verified_otb936\txt_results\MyTracker\Jogging-2.txt,E:\Programming\Python\Project\AI\CV\Tracking\TransTResearch\MyECOTracker\otb100result\otb_matlab_export\MyTracker_verified_otb936\classic_otb\results\OPE\MyTracker\Jogging-2_01.mat,E:\Programming\Python\Project\AI\CV\Tracking\TransTResearch\MyECOTracker\otb100result\otb_matlab_export\MyTracker_verified_otb936\unified_otb\results\OPE_OTB\Jogging-2_MyTracker.mat
Jump,Jump,122,47.195321,E:\Programming\Python\Project\AI\CV\Tracking\TransTResearch\MyECOTracker\otb100result\otb_matlab_export\MyTracker_verified_otb936\txt_results\MyTracker\Jump.txt,E:\Programming\Python\Project\AI\CV\Tracking\TransTResearch\MyECOTracker\otb100result\otb_matlab_export\MyTracker_verified_otb936\classic_otb\results\OPE\MyTracker\Jump_01.mat,E:\Programming\Python\Project\AI\CV\Tracking\TransTResearch\MyECOTracker\otb100result\otb_matlab_export\MyTracker_verified_otb936\unified_otb\results\OPE_OTB\Jump_MyTracker.mat
Jumping,Jumping,313,61.598119,E:\Programming\Python\Project\AI\CV\Tracking\TransTResearch\MyECOTracker\otb100result\otb_matlab_export\MyTracker_verified_otb936\txt_results\MyTracker\Jumping.txt,E:\Programming\Python\Project\AI\CV\Tracking\TransTResearch\MyECOTracker\otb100result\otb_matlab_export\MyTracker_verified_otb936\classic_otb\results\OPE\MyTracker\Jumping_01.mat,E:\Programming\Python\Project\AI\CV\Tracking\TransTResearch\MyECOTracker\otb100result\otb_matlab_export\MyTracker_verified_otb936\unified_otb\results\OPE_OTB\Jumping_MyTracker.mat
KiteSurf,KiteSurf,84,42.194517,E:\Programming\Python\Project\AI\CV\Tracking\TransTResearch\MyECOTracker\otb100result\otb_matlab_export\MyTracker_verified_otb936\txt_results\MyTracker\KiteSurf.txt,E:\Programming\Python\Project\AI\CV\Tracking\TransTResearch\MyECOTracker\otb100result\otb_matlab_export\MyTracker_verified_otb936\classic_otb\results\OPE\MyTracker\KiteSurf_01.mat,E:\Programming\Python\Project\AI\CV\Tracking\TransTResearch\MyECOTracker\otb100result\otb_matlab_export\MyTracker_verified_otb936\unified_otb\results\OPE_OTB\KiteSurf_MyTracker.mat
Lemming,Lemming,1336,72.725808,E:\Programming\Python\Project\AI\CV\Tracking\TransTResearch\MyECOTracker\otb100result\otb_matlab_export\MyTracker_verified_otb936\txt_results\MyTracker\Lemming.txt,E:\Programming\Python\Project\AI\CV\Tracking\TransTResearch\MyECOTracker\otb100result\otb_matlab_export\MyTracker_verified_otb936\classic_otb\results\OPE\MyTracker\Lemming_01.mat,E:\Programming\Python\Project\AI\CV\Tracking\TransTResearch\MyECOTracker\otb100result\otb_matlab_export\MyTracker_verified_otb936\unified_otb\results\OPE_OTB\Lemming_MyTracker.mat
Liquor,Liquor,1741,82.848019,E:\Programming\Python\Project\AI\CV\Tracking\TransTResearch\MyECOTracker\otb100result\otb_matlab_export\MyTracker_verified_otb936\txt_results\MyTracker\Liquor.txt,E:\Programming\Python\Project\AI\CV\Tracking\TransTResearch\MyECOTracker\otb100result\otb_matlab_export\MyTracker_verified_otb936\classic_otb\results\OPE\MyTracker\Liquor_01.mat,E:\Programming\Python\Project\AI\CV\Tracking\TransTResearch\MyECOTracker\otb100result\otb_matlab_export\MyTracker_verified_otb936\unified_otb\results\OPE_OTB\Liquor_MyTracker.mat
Man,Man,134,53.913756,E:\Programming\Python\Project\AI\CV\Tracking\TransTResearch\MyECOTracker\otb100result\otb_matlab_export\MyTracker_verified_otb936\txt_results\MyTracker\Man.txt,E:\Programming\Python\Project\AI\CV\Tracking\TransTResearch\MyECOTracker\otb100result\otb_matlab_export\MyTracker_verified_otb936\classic_otb\results\OPE\MyTracker\Man_01.mat,E:\Programming\Python\Project\AI\CV\Tracking\TransTResearch\MyECOTracker\otb100result\otb_matlab_export\MyTracker_verified_otb936\unified_otb\results\OPE_OTB\Man_MyTracker.mat
Matrix,Matrix,100,45.950033,E:\Programming\Python\Project\AI\CV\Tracking\TransTResearch\MyECOTracker\otb100result\otb_matlab_export\MyTracker_verified_otb936\txt_results\MyTracker\Matrix.txt,E:\Programming\Python\Project\AI\CV\Tracking\TransTResearch\MyECOTracker\otb100result\otb_matlab_export\MyTracker_verified_otb936\classic_otb\results\OPE\MyTracker\Matrix_01.mat,E:\Programming\Python\Project\AI\CV\Tracking\TransTResearch\MyECOTracker\otb100result\otb_matlab_export\MyTracker_verified_otb936\unified_otb\results\OPE_OTB\Matrix_MyTracker.mat
Mhyang,Mhyang,1490,75.556920,E:\Programming\Python\Project\AI\CV\Tracking\TransTResearch\MyECOTracker\otb100result\otb_matlab_export\MyTracker_verified_otb936\txt_results\MyTracker\Mhyang.txt,E:\Programming\Python\Project\AI\CV\Tracking\TransTResearch\MyECOTracker\otb100result\otb_matlab_export\MyTracker_verified_otb936\classic_otb\results\OPE\MyTracker\Mhyang_01.mat,E:\Programming\Python\Project\AI\CV\Tracking\TransTResearch\MyECOTracker\otb100result\otb_matlab_export\MyTracker_verified_otb936\unified_otb\results\OPE_OTB\Mhyang_MyTracker.mat
MotorRolling,MotorRolling,164,53.079604,E:\Programming\Python\Project\AI\CV\Tracking\TransTResearch\MyECOTracker\otb100result\otb_matlab_export\MyTracker_verified_otb936\txt_results\MyTracker\MotorRolling.txt,E:\Programming\Python\Project\AI\CV\Tracking\TransTResearch\MyECOTracker\otb100result\otb_matlab_export\MyTracker_verified_otb936\classic_otb\results\OPE\MyTracker\MotorRolling_01.mat,E:\Programming\Python\Project\AI\CV\Tracking\TransTResearch\MyECOTracker\otb100result\otb_matlab_export\MyTracker_verified_otb936\unified_otb\results\OPE_OTB\MotorRolling_MyTracker.mat
MountainBike,MountainBike,228,58.356795,E:\Programming\Python\Project\AI\CV\Tracking\TransTResearch\MyECOTracker\otb100result\otb_matlab_export\MyTracker_verified_otb936\txt_results\MyTracker\MountainBike.txt,E:\Programming\Python\Project\AI\CV\Tracking\TransTResearch\MyECOTracker\otb100result\otb_matlab_export\MyTracker_verified_otb936\classic_otb\results\OPE\MyTracker\MountainBike_01.mat,E:\Programming\Python\Project\AI\CV\Tracking\TransTResearch\MyECOTracker\otb100result\otb_matlab_export\MyTracker_verified_otb936\unified_otb\results\OPE_OTB\MountainBike_MyTracker.mat
Panda,Panda,1000,71.789596,E:\Programming\Python\Project\AI\CV\Tracking\TransTResearch\MyECOTracker\otb100result\otb_matlab_export\MyTracker_verified_otb936\txt_results\MyTracker\Panda.txt,E:\Programming\Python\Project\AI\CV\Tracking\TransTResearch\MyECOTracker\otb100result\otb_matlab_export\MyTracker_verified_otb936\classic_otb\results\OPE\MyTracker\Panda_01.mat,E:\Programming\Python\Project\AI\CV\Tracking\TransTResearch\MyECOTracker\otb100result\otb_matlab_export\MyTracker_verified_otb936\unified_otb\results\OPE_OTB\Panda_MyTracker.mat
RedTeam,RedTeam,1918,74.389069,E:\Programming\Python\Project\AI\CV\Tracking\TransTResearch\MyECOTracker\otb100result\otb_matlab_export\MyTracker_verified_otb936\txt_results\MyTracker\RedTeam.txt,E:\Programming\Python\Project\AI\CV\Tracking\TransTResearch\MyECOTracker\otb100result\otb_matlab_export\MyTracker_verified_otb936\classic_otb\results\OPE\MyTracker\RedTeam_01.mat,E:\Programming\Python\Project\AI\CV\Tracking\TransTResearch\MyECOTracker\otb100result\otb_matlab_export\MyTracker_verified_otb936\unified_otb\results\OPE_OTB\RedTeam_MyTracker.mat
Rubik,Rubik,1997,75.724422,E:\Programming\Python\Project\AI\CV\Tracking\TransTResearch\MyECOTracker\otb100result\otb_matlab_export\MyTracker_verified_otb936\txt_results\MyTracker\Rubik.txt,E:\Programming\Python\Project\AI\CV\Tracking\TransTResearch\MyECOTracker\otb100result\otb_matlab_export\MyTracker_verified_otb936\classic_otb\results\OPE\MyTracker\Rubik_01.mat,E:\Programming\Python\Project\AI\CV\Tracking\TransTResearch\MyECOTracker\otb100result\otb_matlab_export\MyTracker_verified_otb936\unified_otb\results\OPE_OTB\Rubik_MyTracker.mat
Shaking,Shaking,365,64.676096,E:\Programming\Python\Project\AI\CV\Tracking\TransTResearch\MyECOTracker\otb100result\otb_matlab_export\MyTracker_verified_otb936\txt_results\MyTracker\Shaking.txt,E:\Programming\Python\Project\AI\CV\Tracking\TransTResearch\MyECOTracker\otb100result\otb_matlab_export\MyTracker_verified_otb936\classic_otb\results\OPE\MyTracker\Shaking_01.mat,E:\Programming\Python\Project\AI\CV\Tracking\TransTResearch\MyECOTracker\otb100result\otb_matlab_export\MyTracker_verified_otb936\unified_otb\results\OPE_OTB\Shaking_MyTracker.mat
Singer1,Singer1,351,64.833965,E:\Programming\Python\Project\AI\CV\Tracking\TransTResearch\MyECOTracker\otb100result\otb_matlab_export\MyTracker_verified_otb936\txt_results\MyTracker\Singer1.txt,E:\Programming\Python\Project\AI\CV\Tracking\TransTResearch\MyECOTracker\otb100result\otb_matlab_export\MyTracker_verified_otb936\classic_otb\results\OPE\MyTracker\Singer1_01.mat,E:\Programming\Python\Project\AI\CV\Tracking\TransTResearch\MyECOTracker\otb100result\otb_matlab_export\MyTracker_verified_otb936\unified_otb\results\OPE_OTB\Singer1_MyTracker.mat
Singer2,Singer2,366,65.364601,E:\Programming\Python\Project\AI\CV\Tracking\TransTResearch\MyECOTracker\otb100result\otb_matlab_export\MyTracker_verified_otb936\txt_results\MyTracker\Singer2.txt,E:\Programming\Python\Project\AI\CV\Tracking\TransTResearch\MyECOTracker\otb100result\otb_matlab_export\MyTracker_verified_otb936\classic_otb\results\OPE\MyTracker\Singer2_01.mat,E:\Programming\Python\Project\AI\CV\Tracking\TransTResearch\MyECOTracker\otb100result\otb_matlab_export\MyTracker_verified_otb936\unified_otb\results\OPE_OTB\Singer2_MyTracker.mat
Skater,Skater,160,53.007391,E:\Programming\Python\Project\AI\CV\Tracking\TransTResearch\MyECOTracker\otb100result\otb_matlab_export\MyTracker_verified_otb936\txt_results\MyTracker\Skater.txt,E:\Programming\Python\Project\AI\CV\Tracking\TransTResearch\MyECOTracker\otb100result\otb_matlab_export\MyTracker_verified_otb936\classic_otb\results\OPE\MyTracker\Skater_01.mat,E:\Programming\Python\Project\AI\CV\Tracking\TransTResearch\MyECOTracker\otb100result\otb_matlab_export\MyTracker_verified_otb936\unified_otb\results\OPE_OTB\Skater_MyTracker.mat
Skater2,Skater2,435,67.076455,E:\Programming\Python\Project\AI\CV\Tracking\TransTResearch\MyECOTracker\otb100result\otb_matlab_export\MyTracker_verified_otb936\txt_results\MyTracker\Skater2.txt,E:\Programming\Python\Project\AI\CV\Tracking\TransTResearch\MyECOTracker\otb100result\otb_matlab_export\MyTracker_verified_otb936\classic_otb\results\OPE\MyTracker\Skater2_01.mat,E:\Programming\Python\Project\AI\CV\Tracking\TransTResearch\MyECOTracker\otb100result\otb_matlab_export\MyTracker_verified_otb936\unified_otb\results\OPE_OTB\Skater2_MyTracker.mat
Skating1,Skating1,400,66.564955,E:\Programming\Python\Project\AI\CV\Tracking\TransTResearch\MyECOTracker\otb100result\otb_matlab_export\MyTracker_verified_otb936\txt_results\MyTracker\Skating1.txt,E:\Programming\Python\Project\AI\CV\Tracking\TransTResearch\MyECOTracker\otb100result\otb_matlab_export\MyTracker_verified_otb936\classic_otb\results\OPE\MyTracker\Skating1_01.mat,E:\Programming\Python\Project\AI\CV\Tracking\TransTResearch\MyECOTracker\otb100result\otb_matlab_export\MyTracker_verified_otb936\unified_otb\results\OPE_OTB\Skating1_MyTracker.mat
Skating2-1,Skating2-1,473,67.203232,E:\Programming\Python\Project\AI\CV\Tracking\TransTResearch\MyECOTracker\otb100result\otb_matlab_export\MyTracker_verified_otb936\txt_results\MyTracker\Skating2-1.txt,E:\Programming\Python\Project\AI\CV\Tracking\TransTResearch\MyECOTracker\otb100result\otb_matlab_export\MyTracker_verified_otb936\classic_otb\results\OPE\MyTracker\Skating2-1_01.mat,E:\Programming\Python\Project\AI\CV\Tracking\TransTResearch\MyECOTracker\otb100result\otb_matlab_export\MyTracker_verified_otb936\unified_otb\results\OPE_OTB\Skating2-1_MyTracker.mat
Skating2-2,Skating2-2,473,78.656226,E:\Programming\Python\Project\AI\CV\Tracking\TransTResearch\MyECOTracker\otb100result\otb_matlab_export\MyTracker_verified_otb936\txt_results\MyTracker\Skating2-2.txt,E:\Programming\Python\Project\AI\CV\Tracking\TransTResearch\MyECOTracker\otb100result\otb_matlab_export\MyTracker_verified_otb936\classic_otb\results\OPE\MyTracker\Skating2-2_01.mat,E:\Programming\Python\Project\AI\CV\Tracking\TransTResearch\MyECOTracker\otb100result\otb_matlab_export\MyTracker_verified_otb936\unified_otb\results\OPE_OTB\Skating2-2_MyTracker.mat
Skiing,Skiing,81,41.764353,E:\Programming\Python\Project\AI\CV\Tracking\TransTResearch\MyECOTracker\otb100result\otb_matlab_export\MyTracker_verified_otb936\txt_results\MyTracker\Skiing.txt,E:\Programming\Python\Project\AI\CV\Tracking\TransTResearch\MyECOTracker\otb100result\otb_matlab_export\MyTracker_verified_otb936\classic_otb\results\OPE\MyTracker\Skiing_01.mat,E:\Programming\Python\Project\AI\CV\Tracking\TransTResearch\MyECOTracker\otb100result\otb_matlab_export\MyTracker_verified_otb936\unified_otb\results\OPE_OTB\Skiing_MyTracker.mat
Soccer,Soccer,392,63.734252,E:\Programming\Python\Project\AI\CV\Tracking\TransTResearch\MyECOTracker\otb100result\otb_matlab_export\MyTracker_verified_otb936\txt_results\MyTracker\Soccer.txt,E:\Programming\Python\Project\AI\CV\Tracking\TransTResearch\MyECOTracker\otb100result\otb_matlab_export\MyTracker_verified_otb936\classic_otb\results\OPE\MyTracker\Soccer_01.mat,E:\Programming\Python\Project\AI\CV\Tracking\TransTResearch\MyECOTracker\otb100result\otb_matlab_export\MyTracker_verified_otb936\unified_otb\results\OPE_OTB\Soccer_MyTracker.mat
Subway,Subway,175,55.711406,E:\Programming\Python\Project\AI\CV\Tracking\TransTResearch\MyECOTracker\otb100result\otb_matlab_export\MyTracker_verified_otb936\txt_results\MyTracker\Subway.txt,E:\Programming\Python\Project\AI\CV\Tracking\TransTResearch\MyECOTracker\otb100result\otb_matlab_export\MyTracker_verified_otb936\classic_otb\results\OPE\MyTracker\Subway_01.mat,E:\Programming\Python\Project\AI\CV\Tracking\TransTResearch\MyECOTracker\otb100result\otb_matlab_export\MyTracker_verified_otb936\unified_otb\results\OPE_OTB\Subway_MyTracker.mat
Surfer,Surfer,376,64.398967,E:\Programming\Python\Project\AI\CV\Tracking\TransTResearch\MyECOTracker\otb100result\otb_matlab_export\MyTracker_verified_otb936\txt_results\MyTracker\Surfer.txt,E:\Programming\Python\Project\AI\CV\Tracking\TransTResearch\MyECOTracker\otb100result\otb_matlab_export\MyTracker_verified_otb936\classic_otb\results\OPE\MyTracker\Surfer_01.mat,E:\Programming\Python\Project\AI\CV\Tracking\TransTResearch\MyECOTracker\otb100result\otb_matlab_export\MyTracker_verified_otb936\unified_otb\results\OPE_OTB\Surfer_MyTracker.mat
Suv,Suv,945,72.482610,E:\Programming\Python\Project\AI\CV\Tracking\TransTResearch\MyECOTracker\otb100result\otb_matlab_export\MyTracker_verified_otb936\txt_results\MyTracker\Suv.txt,E:\Programming\Python\Project\AI\CV\Tracking\TransTResearch\MyECOTracker\otb100result\otb_matlab_export\MyTracker_verified_otb936\classic_otb\results\OPE\MyTracker\Suv_01.mat,E:\Programming\Python\Project\AI\CV\Tracking\TransTResearch\MyECOTracker\otb100result\otb_matlab_export\MyTracker_verified_otb936\unified_otb\results\OPE_OTB\Suv_MyTracker.mat
Sylvester,Sylvester,1345,76.188456,E:\Programming\Python\Project\AI\CV\Tracking\TransTResearch\MyECOTracker\otb100result\otb_matlab_export\MyTracker_verified_otb936\txt_results\MyTracker\Sylvester.txt,E:\Programming\Python\Project\AI\CV\Tracking\TransTResearch\MyECOTracker\otb100result\otb_matlab_export\MyTracker_verified_otb936\classic_otb\results\OPE\MyTracker\Sylvester_01.mat,E:\Programming\Python\Project\AI\CV\Tracking\TransTResearch\MyECOTracker\otb100result\otb_matlab_export\MyTracker_verified_otb936\unified_otb\results\OPE_OTB\Sylvester_MyTracker.mat
Tiger1,Tiger1,349,61.961367,E:\Programming\Python\Project\AI\CV\Tracking\TransTResearch\MyECOTracker\otb100result\otb_matlab_export\MyTracker_verified_otb936\txt_results\MyTracker\Tiger1.txt,E:\Programming\Python\Project\AI\CV\Tracking\TransTResearch\MyECOTracker\otb100result\otb_matlab_export\MyTracker_verified_otb936\classic_otb\results\OPE\MyTracker\Tiger1_01.mat,E:\Programming\Python\Project\AI\CV\Tracking\TransTResearch\MyECOTracker\otb100result\otb_matlab_export\MyTracker_verified_otb936\unified_otb\results\OPE_OTB\Tiger1_MyTracker.mat
Tiger2,Tiger2,365,64.372921,E:\Programming\Python\Project\AI\CV\Tracking\TransTResearch\MyECOTracker\otb100result\otb_matlab_export\MyTracker_verified_otb936\txt_results\MyTracker\Tiger2.txt,E:\Programming\Python\Project\AI\CV\Tracking\TransTResearch\MyECOTracker\otb100result\otb_matlab_export\MyTracker_verified_otb936\classic_otb\results\OPE\MyTracker\Tiger2_01.mat,E:\Programming\Python\Project\AI\CV\Tracking\TransTResearch\MyECOTracker\otb100result\otb_matlab_export\MyTracker_verified_otb936\unified_otb\results\OPE_OTB\Tiger2_MyTracker.mat
Toy,Toy,271,61.708056,E:\Programming\Python\Project\AI\CV\Tracking\TransTResearch\MyECOTracker\otb100result\otb_matlab_export\MyTracker_verified_otb936\txt_results\MyTracker\Toy.txt,E:\Programming\Python\Project\AI\CV\Tracking\TransTResearch\MyECOTracker\otb100result\otb_matlab_export\MyTracker_verified_otb936\classic_otb\results\OPE\MyTracker\Toy_01.mat,E:\Programming\Python\Project\AI\CV\Tracking\TransTResearch\MyECOTracker\otb100result\otb_matlab_export\MyTracker_verified_otb936\unified_otb\results\OPE_OTB\Toy_MyTracker.mat
Trans,Trans,124,49.881672,E:\Programming\Python\Project\AI\CV\Tracking\TransTResearch\MyECOTracker\otb100result\otb_matlab_export\MyTracker_verified_otb936\txt_results\MyTracker\Trans.txt,E:\Programming\Python\Project\AI\CV\Tracking\TransTResearch\MyECOTracker\otb100result\otb_matlab_export\MyTracker_verified_otb936\classic_otb\results\OPE\MyTracker\Trans_01.mat,E:\Programming\Python\Project\AI\CV\Tracking\TransTResearch\MyECOTracker\otb100result\otb_matlab_export\MyTracker_verified_otb936\unified_otb\results\OPE_OTB\Trans_MyTracker.mat
Trellis,Trellis,569,67.907281,E:\Programming\Python\Project\AI\CV\Tracking\TransTResearch\MyECOTracker\otb100result\otb_matlab_export\MyTracker_verified_otb936\txt_results\MyTracker\Trellis.txt,E:\Programming\Python\Project\AI\CV\Tracking\TransTResearch\MyECOTracker\otb100result\otb_matlab_export\MyTracker_verified_otb936\classic_otb\results\OPE\MyTracker\Trellis_01.mat,E:\Programming\Python\Project\AI\CV\Tracking\TransTResearch\MyECOTracker\otb100result\otb_matlab_export\MyTracker_verified_otb936\unified_otb\results\OPE_OTB\Trellis_MyTracker.mat
Twinnings,Twinnings,472,69.989642,E:\Programming\Python\Project\AI\CV\Tracking\TransTResearch\MyECOTracker\otb100result\otb_matlab_export\MyTracker_verified_otb936\txt_results\MyTracker\Twinnings.txt,E:\Programming\Python\Project\AI\CV\Tracking\TransTResearch\MyECOTracker\otb100result\otb_matlab_export\MyTracker_verified_otb936\classic_otb\results\OPE\MyTracker\Twinnings_01.mat,E:\Programming\Python\Project\AI\CV\Tracking\TransTResearch\MyECOTracker\otb100result\otb_matlab_export\MyTracker_verified_otb936\unified_otb\results\OPE_OTB\Twinnings_MyTracker.mat
Vase,Vase,271,61.192186,E:\Programming\Python\Project\AI\CV\Tracking\TransTResearch\MyECOTracker\otb100result\otb_matlab_export\MyTracker_verified_otb936\txt_results\MyTracker\Vase.txt,E:\Programming\Python\Project\AI\CV\Tracking\TransTResearch\MyECOTracker\otb100result\otb_matlab_export\MyTracker_verified_otb936\classic_otb\results\OPE\MyTracker\Vase_01.mat,E:\Programming\Python\Project\AI\CV\Tracking\TransTResearch\MyECOTracker\otb100result\otb_matlab_export\MyTracker_verified_otb936\unified_otb\results\OPE_OTB\Vase_MyTracker.mat
Walking,Walking,412,66.108923,E:\Programming\Python\Project\AI\CV\Tracking\TransTResearch\MyECOTracker\otb100result\otb_matlab_export\MyTracker_verified_otb936\txt_results\MyTracker\Walking.txt,E:\Programming\Python\Project\AI\CV\Tracking\TransTResearch\MyECOTracker\otb100result\otb_matlab_export\MyTracker_verified_otb936\classic_otb\results\OPE\MyTracker\Walking_01.mat,E:\Programming\Python\Project\AI\CV\Tracking\TransTResearch\MyECOTracker\otb100result\otb_matlab_export\MyTracker_verified_otb936\unified_otb\results\OPE_OTB\Walking_MyTracker.mat
Walking2,Walking2,500,71.185949,E:\Programming\Python\Project\AI\CV\Tracking\TransTResearch\MyECOTracker\otb100result\otb_matlab_export\MyTracker_verified_otb936\txt_results\MyTracker\Walking2.txt,E:\Programming\Python\Project\AI\CV\Tracking\TransTResearch\MyECOTracker\otb100result\otb_matlab_export\MyTracker_verified_otb936\classic_otb\results\OPE\MyTracker\Walking2_01.mat,E:\Programming\Python\Project\AI\CV\Tracking\TransTResearch\MyECOTracker\otb100result\otb_matlab_export\MyTracker_verified_otb936\unified_otb\results\OPE_OTB\Walking2_MyTracker.mat
Woman,Woman,597,69.836266,E:\Programming\Python\Project\AI\CV\Tracking\TransTResearch\MyECOTracker\otb100result\otb_matlab_export\MyTracker_verified_otb936\txt_results\MyTracker\Woman.txt,E:\Programming\Python\Project\AI\CV\Tracking\TransTResearch\MyECOTracker\otb100result\otb_matlab_export\MyTracker_verified_otb936\classic_otb\results\OPE\MyTracker\Woman_01.mat,E:\Programming\Python\Project\AI\CV\Tracking\TransTResearch\MyECOTracker\otb100result\otb_matlab_export\MyTracker_verified_otb936\unified_otb\results\OPE_OTB\Woman_MyTracker.mat
